{
  "version": 1,
  "author": "Anonymous maker",
  "editor": "wokwi",
  "parts": [
    {
      "type": "wokwi-breadboard",
      "id": "bb1",
      "top": 14.6,
      "left": -216.8,
      "rotate": 90,
      "attrs": { "color": "#eeefed" }
    },
    {
      "type": "board-esp32-s3-devkitc-1",
      "id": "esp",
      "top": -212.98,
      "left": 63.37,
      "attrs": {}
    },
    {
      "type": "wokwi-led",
      "id": "led1",
      "top": 40,
      "left": 90.6,
      "rotate": 180,
      "attrs": { "color": "red" }
    },
    {
      "type": "wokwi-led",
      "id": "led2",
      "top": 68.8,
      "left": 90.6,
      "rotate": 180,
      "attrs": { "color": "magenta" }
    },
    {
      "type": "wokwi-led",
      "id": "led3",
      "top": 97.6,
      "left": 90.6,
      "rotate": 180,
      "attrs": { "color": "yellow" }
    },
    {
      "type": "wokwi-led",
      "id": "led4",
      "top": 136,
      "left": 90.6,
      "rotate": 180,
      "attrs": { "color": "orange" }
    },
    {
      "type": "wokwi-pushbutton",
      "id": "btn1",
      "top": -176.2,
      "left": 278.4,
      "attrs": { "color": "red", "xray": "1" }
    },
    {
      "type": "wokwi-pushbutton",
      "id": "btn2",
      "top": -128.2,
      "left": 278.4,
      "attrs": { "color": "blue", "xray": "1" }
    },
    {
      "type": "wokwi-pushbutton",
      "id": "btn3",
      "top": -70.6,
      "left": 278.4,
      "attrs": { "color": "yellow", "xray": "1" }
    },
    {
      "type": "wokwi-pushbutton",
      "id": "btn4",
      "top": -3.4,
      "left": 278.4,
      "attrs": { "color": "grey", "xray": "1" }
    }
  ],
  "connections": [
    [ "esp:TX", "$serialMonitor:RX", "", [] ],
    [ "esp:RX", "$serialMonitor:TX", "", [] ],
    [ "bb1:4b.j", "bb1:26b.j", "red", [ "h-105.6", "v211.2" ] ],
    [ "bb1:22t.a", "bb1:tn.17", "green", [ "h0" ] ],
    [ "bb1:5b.j", "bb1:29b.j", "violet", [ "h-96", "v230.4" ] ],
    [ "bb1:32b.j", "bb1:6b.j", "gold", [ "h-86.4", "v-249.6" ] ],
    [ "bb1:1b.j", "bb1:bp.1", "green", [ "v0" ] ],
    [ "bb1:26t.a", "bb1:tn.20", "red", [ "h0" ] ],
    [ "bb1:29t.a", "bb1:tn.23", "violet", [ "h0" ] ],
    [ "bb1:32t.a", "bb1:tn.25", "green", [ "h0" ] ],
    [ "led1:A", "bb1:26b.g", "green", [ "h-19.2", "v9.6" ] ],
    [ "led1:C", "bb1:26t.d", "green", [ "h9.2", "v9.6" ] ],
    [ "led2:A", "bb1:29b.g", "violet", [ "h-19.2", "v9.6" ] ],
    [ "led3:A", "bb1:32b.f", "green", [ "h-9.6", "v9.6" ] ],
    [ "led3:C", "bb1:32t.e", "green", [ "h9.2", "v9.6" ] ],
    [ "led4:A", "bb1:35b.f", "green", [ "v0" ] ],
    [ "led4:C", "bb1:35t.e", "green", [ "v0" ] ],
    [ "bb1:35t.a", "bb1:tn.28", "green", [ "h0" ] ],
    [ "bb1:35b.j", "esp:7", "green", [ "h-67.2", "v-268.8", "h-9.6" ] ],
    [ "led2:C", "bb1:29t.e", "violet", [ "h9.2", "v9.6" ] ],
    [ "btn1:2.l", "esp:2", "green", [ "h0" ] ],
    [ "btn2:2.l", "esp:38", "green", [ "h0" ] ],
    [ "btn3:2.l", "esp:48", "green", [ "h0" ] ],
    [ "btn4:2.l", "esp:19", "green", [ "h-48", "v-28.6" ] ],
    [ "btn1:1.r", "bb1:tn.1", "green", [ "v-38.4", "h0.2" ] ],
    [ "esp:0", "bb1:14t.b", "", [ "$bb" ] ],
    [ "esp:1", "bb1:4t.b", "", [ "$bb" ] ],
    [ "esp:2", "bb1:5t.b", "", [ "$bb" ] ],
    [ "esp:3", "bb1:13b.i", "", [ "$bb" ] ],
    [ "esp:4", "bb1:4b.i", "", [ "$bb" ] ],
    [ "esp:5", "bb1:5b.i", "", [ "$bb" ] ],
    [ "esp:6", "bb1:6b.i", "", [ "$bb" ] ],
    [ "esp:7", "bb1:7b.i", "", [ "$bb" ] ],
    [ "esp:8", "bb1:12b.i", "", [ "$bb" ] ],
    [ "esp:9", "bb1:15b.i", "", [ "$bb" ] ],
    [ "esp:10", "bb1:16b.i", "", [ "$bb" ] ],
    [ "esp:11", "bb1:17b.i", "", [ "$bb" ] ],
    [ "esp:12", "bb1:18b.i", "", [ "$bb" ] ],
    [ "esp:13", "bb1:19b.i", "", [ "$bb" ] ],
    [ "esp:14", "bb1:20b.i", "", [ "$bb" ] ],
    [ "esp:15", "bb1:8b.i", "", [ "$bb" ] ],
    [ "esp:16", "bb1:9b.i", "", [ "$bb" ] ],
    [ "esp:17", "bb1:10b.i", "", [ "$bb" ] ],
    [ "esp:18", "bb1:11b.i", "", [ "$bb" ] ],
    [ "esp:19", "bb1:20t.b", "", [ "$bb" ] ],
    [ "esp:20", "bb1:19t.b", "", [ "$bb" ] ],
    [ "esp:21", "bb1:18t.b", "", [ "$bb" ] ],
    [ "esp:35", "bb1:13t.b", "", [ "$bb" ] ],
    [ "esp:36", "bb1:12t.b", "", [ "$bb" ] ],
    [ "esp:37", "bb1:11t.b", "", [ "$bb" ] ],
    [ "esp:38", "bb1:10t.b", "", [ "$bb" ] ],
    [ "esp:39", "bb1:9t.b", "", [ "$bb" ] ],
    [ "esp:40", "bb1:8t.b", "", [ "$bb" ] ],
    [ "esp:41", "bb1:7t.b", "", [ "$bb" ] ],
    [ "esp:42", "bb1:6t.b", "", [ "$bb" ] ],
    [ "esp:45", "bb1:15t.b", "", [ "$bb" ] ],
    [ "esp:46", "bb1:14b.i", "", [ "$bb" ] ],
    [ "esp:47", "bb1:17t.b", "", [ "$bb" ] ],
    [ "esp:48", "bb1:16t.b", "", [ "$bb" ] ],
    [ "esp:3V3.1", "bb1:1b.i", "", [ "$bb" ] ],
    [ "esp:3V3.2", "bb1:2b.i", "", [ "$bb" ] ],
    [ "esp:RST", "bb1:3b.i", "", [ "$bb" ] ],
    [ "esp:5V", "bb1:21b.i", "", [ "$bb" ] ],
    [ "esp:GND.1", "bb1:22b.i", "", [ "$bb" ] ],
    [ "esp:GND.2", "bb1:1t.b", "", [ "$bb" ] ],
    [ "esp:TX", "bb1:2t.b", "", [ "$bb" ] ],
    [ "esp:RX", "bb1:3t.b", "", [ "$bb" ] ],
    [ "esp:GND.3", "bb1:21t.b", "", [ "$bb" ] ],
    [ "esp:GND.4", "bb1:22t.b", "", [ "$bb" ] ],
    [ "btn2:1.r", "bb1:tn.2", "green", [ "v-9.6", "h67.4", "v-134.4", "h-201.6" ] ],
    [ "btn3:1.r", "bb1:tn.9", "green", [ "v0", "h48.2", "v-19.2" ] ],
    [ "btn4:1.r", "bb1:tn.14", "green", [ "v-9.6", "h48.2", "v-19.2" ] ]
  ],
  "dependencies": {}
}